 2778111438109, 2778116719411, 2773902837631, 2773913984612, 2773932585343,2774119849736
 2789714529212, 2789720958015, 2785496684464, 2785512050663, 2785548488219,2785747835218
 2801281793959, 2801287622501, 2797054313792, 2797061165251, 2797085679837,2797294229024
 2812830543494, 2812842265318, 2808629110310, 2808645816405, 2808693890212,2808946430497
 2824255909945, 2824262501040, 2820073508116, 2820093277441, 2820128974945,2820335231267
 2834543391855, 2834555532117, 2830360537527, 2830365563725, 2830384990289,2830585240101
 2845211063491, 2845221762711, 2841014999473, 2841029251506, 2841076922969,2841277251583
 2855299875225, 2855309538976, 2851136865377, 2851150797098, 2851201266373,2851431993636
 2867502992378, 2867508752587, 2863295969870, 2863302861225, 2863323705967,2863528616716
 2878645420103, 2878654504843, 2874435011344, 2874452618273, 2874473038744,2874670893034
