 634037909778810, 634037915238290, 634037955225169, 634037957853294, 636384529356932, 636384685742365, 636384746961121, 636384748431017, 636384763173466,636384853294881
 634040030714438, 634040034506053, 634040077493661, 634040079332932, 636386649545842, 636386806017680, 636386868393832, 636386870037218, 636386884164198,636386957090299
 634041919656345, 634041923025668, 634041964803016, 634041967322808, 636388536104467, 636388687416670, 636388757056833, 636388758340895, 636388772480376,636388839237570
 634044002928115, 634044007592490, 634044049006974, 634044051395255, 636390628098842, 636390778837138, 636390840717457, 636390842019593, 636390859048448,636390932042466
 634045840291006, 634045844119705, 634045884570281, 634045886891740, 636392465136108, 636392618085238, 636392676320869, 636392677902536, 636392688183579,636392750897387
 634047522918257, 634047525619924, 634047565941439, 634047568220814, 636394150161328, 636394300100979, 636394358320724, 636394359605776, 636394377256143,636394465653183
 634049314848384, 634049319601353, 634049362765368, 634049364833857, 636395916972181, 636396073986260, 636396154400018, 636396155704862, 636396170698092,636396241895495
 634050967597611, 634050971395007, 634051013785115, 634051015472303, 636397584818546, 636397742196322, 636397805333307, 636397806938516, 636397826059924,636397890793055
 634052628395641, 634052631834808, 634052673696583, 634052675420333, 636399234119752, 636399390366434, 636399464253056, 636399465534775, 636399480121495,636399558570148
 634054239627416, 634054242899239, 634054284277681, 634054286296275, 636400858048559, 636401015297064, 636401075454831, 636401076791237, 636401090761447,636401164992079
