 16752769126608, 16752773254473, 16752819399009, 16752821817343, 16748291894167, 16748440653869, 16748517116012, 16748517682366, 16748522483252,16748555404401
 16755594494754, 16755599053817, 16755637760800, 16755639604603, 16751120619136, 16751277652485, 16751336858480, 16751337973012, 16751353297076,16751394682549
 16758158296572, 16758162396312, 16758201456056, 16758203350691, 16753673391421, 16753823308155, 16753900263423, 16753901210975, 16753912402695,16753945299001
 16761225890628, 16761229537659, 16761271949695, 16761274264591, 16756744747509, 16756898013149, 16756967501125, 16756967950968, 16756972965969,16757002115555
 16765311407389, 16765316439681, 16765355349216, 16765358414060, 16760843711406, 16760995391474, 16761055253355, 16761056024396, 16761066104970,16761104903203
 16768975640098, 16768980555619, 16769017968435, 16769019819165, 16764495687916, 16764644515327, 16764716383355, 16764717259292, 16764725617627,16764754309556
 16771905385129, 16771907632942, 16771953090655, 16771955138676, 16767426434823, 16767569003066, 16767651337345, 16767652631147, 16767660960054,16767691759380
 16774396019336, 16774397178763, 16774445418247, 16774456836477, 16769917743769, 16770072681440, 16770149733063, 16770149987438, 16770152622698,16770173064732
 16776945507090, 16776950765788, 16776991362980, 16776993248657, 16772451489594, 16772602143724, 16772689743941, 16772690478524, 16772703333161,16772731394622
 16781213209025, 16781217029234, 16781257358092, 16781259750176, 16776726411530, 16776882789671, 16776954954939, 16776955840407, 16776964873273,16777005550673
